<font>
  <info face="shmupfont" size="24" bold="0" italic="0" charset="" unicode="" stretchH="100" smooth="1" aa="1" padding="2,2,2,2" spacing="0,0" outline="0"/>
  <common lineHeight="33" base="28" scaleW="256" scaleH="256" pages="1" packed="0"/>
  <pages>
    <page id="0" file="shmupfont.png"/>
  </pages>
  <chars count="80">
    <char id="97" x="2" y="2" width="23" height="17" xoffset="0" yoffset="12" xadvance="27" page="0" chnl="15"/>
    <char id="98" x="2" y="21" width="23" height="17" xoffset="0" yoffset="12" xadvance="27" page="0" chnl="15"/>
    <char id="99" x="2" y="40" width="23" height="17" xoffset="0" yoffset="12" xadvance="27" page="0" chnl="15"/>
    <char id="100" x="2" y="59" width="23" height="17" xoffset="0" yoffset="12" xadvance="27" page="0" chnl="15"/>
    <char id="101" x="2" y="78" width="23" height="17" xoffset="0" yoffset="12" xadvance="27" page="0" chnl="15"/>
    <char id="102" x="2" y="97" width="23" height="17" xoffset="0" yoffset="12" xadvance="27" page="0" chnl="15"/>
    <char id="103" x="2" y="116" width="23" height="17" xoffset="0" yoffset="12" xadvance="27" page="0" chnl="15"/>
    <char id="104" x="2" y="135" width="23" height="17" xoffset="0" yoffset="12" xadvance="27" page="0" chnl="15"/>
    <char id="105" x="27" y="2" width="11" height="17" xoffset="0" yoffset="12" xadvance="15" page="0" chnl="15"/>
    <char id="106" x="27" y="21" width="23" height="17" xoffset="0" yoffset="12" xadvance="27" page="0" chnl="15"/>
    <char id="107" x="40" y="2" width="23" height="17" xoffset="0" yoffset="12" xadvance="27" page="0" chnl="15"/>
    <char id="108" x="27" y="40" width="23" height="17" xoffset="0" yoffset="12" xadvance="27" page="0" chnl="15"/>
    <char id="109" x="27" y="59" width="35" height="17" xoffset="0" yoffset="12" xadvance="39" page="0" chnl="15"/>
    <char id="110" x="52" y="21" width="23" height="17" xoffset="0" yoffset="12" xadvance="27" page="0" chnl="15"/>
    <char id="111" x="65" y="2" width="23" height="17" xoffset="0" yoffset="12" xadvance="27" page="0" chnl="15"/>
    <char id="112" x="52" y="40" width="23" height="17" xoffset="0" yoffset="12" xadvance="27" page="0" chnl="15"/>
    <char id="113" x="64" y="59" width="23" height="20" xoffset="0" yoffset="12" xadvance="27" page="0" chnl="15"/>
    <char id="114" x="77" y="21" width="23" height="17" xoffset="0" yoffset="12" xadvance="27" page="0" chnl="15"/>
    <char id="115" x="90" y="2" width="23" height="17" xoffset="0" yoffset="12" xadvance="27" page="0" chnl="15"/>
    <char id="116" x="77" y="40" width="23" height="17" xoffset="0" yoffset="12" xadvance="27" page="0" chnl="15"/>
    <char id="117" x="27" y="78" width="23" height="17" xoffset="0" yoffset="12" xadvance="27" page="0" chnl="15"/>
    <char id="118" x="89" y="59" width="23" height="17" xoffset="0" yoffset="12" xadvance="27" page="0" chnl="15"/>
    <char id="119" x="102" y="21" width="35" height="17" xoffset="0" yoffset="12" xadvance="39" page="0" chnl="15"/>
    <char id="120" x="115" y="2" width="23" height="17" xoffset="0" yoffset="12" xadvance="27" page="0" chnl="15"/>
    <char id="121" x="102" y="40" width="23" height="17" xoffset="0" yoffset="12" xadvance="27" page="0" chnl="15"/>
    <char id="122" x="89" y="78" width="23" height="17" xoffset="0" yoffset="12" xadvance="27" page="0" chnl="15"/>
    <char id="65" x="52" y="81" width="23" height="17" xoffset="0" yoffset="12" xadvance="27" page="0" chnl="15"/>
    <char id="66" x="27" y="97" width="23" height="17" xoffset="0" yoffset="12" xadvance="27" page="0" chnl="15"/>
    <char id="67" x="77" y="97" width="23" height="17" xoffset="0" yoffset="12" xadvance="27" page="0" chnl="15"/>
    <char id="68" x="52" y="100" width="23" height="17" xoffset="0" yoffset="12" xadvance="27" page="0" chnl="15"/>
    <char id="69" x="27" y="116" width="23" height="17" xoffset="0" yoffset="12" xadvance="27" page="0" chnl="15"/>
    <char id="70" x="102" y="97" width="23" height="17" xoffset="0" yoffset="12" xadvance="27" page="0" chnl="15"/>
    <char id="71" x="114" y="59" width="23" height="17" xoffset="0" yoffset="12" xadvance="27" page="0" chnl="15"/>
    <char id="72" x="127" y="40" width="23" height="17" xoffset="0" yoffset="12" xadvance="27" page="0" chnl="15"/>
    <char id="73" x="140" y="2" width="11" height="17" xoffset="0" yoffset="12" xadvance="15" page="0" chnl="15"/>
    <char id="74" x="139" y="21" width="23" height="17" xoffset="0" yoffset="12" xadvance="27" page="0" chnl="15"/>
    <char id="75" x="153" y="2" width="23" height="17" xoffset="0" yoffset="12" xadvance="27" page="0" chnl="15"/>
    <char id="76" x="114" y="78" width="23" height="17" xoffset="0" yoffset="12" xadvance="27" page="0" chnl="15"/>
    <char id="77" x="127" y="97" width="35" height="17" xoffset="0" yoffset="12" xadvance="39" page="0" chnl="15"/>
    <char id="78" x="152" y="40" width="23" height="17" xoffset="0" yoffset="12" xadvance="27" page="0" chnl="15"/>
    <char id="79" x="164" y="21" width="23" height="17" xoffset="0" yoffset="12" xadvance="27" page="0" chnl="15"/>
    <char id="80" x="178" y="2" width="23" height="17" xoffset="0" yoffset="12" xadvance="27" page="0" chnl="15"/>
    <char id="81" x="139" y="59" width="23" height="20" xoffset="0" yoffset="12" xadvance="27" page="0" chnl="15"/>
    <char id="82" x="77" y="116" width="23" height="17" xoffset="0" yoffset="12" xadvance="27" page="0" chnl="15"/>
    <char id="83" x="52" y="119" width="23" height="17" xoffset="0" yoffset="12" xadvance="27" page="0" chnl="15"/>
    <char id="84" x="27" y="135" width="23" height="17" xoffset="0" yoffset="12" xadvance="27" page="0" chnl="15"/>
    <char id="85" x="102" y="116" width="23" height="17" xoffset="0" yoffset="12" xadvance="27" page="0" chnl="15"/>
    <char id="86" x="127" y="116" width="23" height="17" xoffset="0" yoffset="12" xadvance="27" page="0" chnl="15"/>
    <char id="87" x="152" y="116" width="35" height="17" xoffset="0" yoffset="12" xadvance="39" page="0" chnl="15"/>
    <char id="88" x="177" y="40" width="23" height="17" xoffset="0" yoffset="12" xadvance="27" page="0" chnl="15"/>
    <char id="89" x="189" y="21" width="23" height="17" xoffset="0" yoffset="12" xadvance="27" page="0" chnl="15"/>
    <char id="90" x="203" y="2" width="23" height="17" xoffset="0" yoffset="12" xadvance="27" page="0" chnl="15"/>
    <char id="33" x="164" y="59" width="11" height="17" xoffset="0" yoffset="12" xadvance="15" page="0" chnl="15"/>
    <char id="8470" x="177" y="59" width="11" height="29" xoffset="2" yoffset="0" xadvance="12" page="0" chnl="15"/>
    <char id="59" x="164" y="78" width="8" height="17" xoffset="0" yoffset="18" xadvance="12" page="0" chnl="15"/>
    <char id="37" x="174" y="90" width="41" height="17" xoffset="0" yoffset="12" xadvance="45" page="0" chnl="15"/>
    <char id="58" x="164" y="97" width="8" height="17" xoffset="0" yoffset="12" xadvance="12" page="0" chnl="15"/>
    <char id="63" x="202" y="40" width="23" height="17" xoffset="0" yoffset="12" xadvance="27" page="0" chnl="15"/>
    <char id="42" x="214" y="21" width="23" height="17" xoffset="0" yoffset="12" xadvance="27" page="0" chnl="15"/>
    <char id="40" x="190" y="59" width="14" height="23" xoffset="0" yoffset="9" xadvance="18" page="0" chnl="15"/>
    <char id="41" x="206" y="59" width="14" height="23" xoffset="0" yoffset="9" xadvance="18" page="0" chnl="15"/>
    <char id="95" x="139" y="81" width="17" height="5" xoffset="0" yoffset="30" xadvance="21" page="0" chnl="15"/>
    <char id="43" x="228" y="2" width="23" height="17" xoffset="0" yoffset="12" xadvance="27" page="0" chnl="15"/>
    <char id="45" x="139" y="88" width="17" height="5" xoffset="0" yoffset="18" xadvance="21" page="0" chnl="15"/>
    <char id="61" x="189" y="109" width="17" height="11" xoffset="0" yoffset="15" xadvance="21" page="0" chnl="15"/>
    <char id="46" x="77" y="81" width="8" height="8" xoffset="0" yoffset="21" xadvance="12" page="0" chnl="15"/>
    <char id="44" x="189" y="122" width="8" height="11" xoffset="0" yoffset="24" xadvance="12" page="0" chnl="15"/>
    <char id="47" x="199" y="122" width="23" height="17" xoffset="0" yoffset="12" xadvance="27" page="0" chnl="15"/>
    <char id="124" x="217" y="84" width="11" height="23" xoffset="0" yoffset="9" xadvance="15" page="0" chnl="15"/>
    <char id="34" x="222" y="59" width="17" height="11" xoffset="0" yoffset="12" xadvance="21" page="0" chnl="15"/>
    <char id="39" x="227" y="40" width="8" height="11" xoffset="0" yoffset="12" xadvance="12" page="0" chnl="15"/>
    <char id="64" x="77" y="135" width="23" height="17" xoffset="0" yoffset="12" xadvance="27" page="0" chnl="15"/>
    <char id="35" x="102" y="135" width="29" height="17" xoffset="0" yoffset="12" xadvance="33" page="0" chnl="15"/>
    <char id="36" x="52" y="138" width="23" height="23" xoffset="0" yoffset="9" xadvance="27" page="0" chnl="15"/>
    <char id="94" x="237" y="40" width="17" height="11" xoffset="0" yoffset="12" xadvance="21" page="0" chnl="15"/>
    <char id="38" x="2" y="154" width="32" height="17" xoffset="0" yoffset="12" xadvance="36" page="0" chnl="15"/>
    <char id="123" x="133" y="135" width="23" height="23" xoffset="0" yoffset="9" xadvance="27" page="0" chnl="15"/>
    <char id="125" x="77" y="154" width="23" height="23" xoffset="0" yoffset="9" xadvance="27" page="0" chnl="15"/>
    <char id="91" x="2" y="173" width="14" height="23" xoffset="0" yoffset="9" xadvance="18" page="0" chnl="15"/>
    <char id="93" x="18" y="173" width="14" height="23" xoffset="0" yoffset="9" xadvance="18" page="0" chnl="15"/>
    <char id="32" x="0" y="0" width="0" height="0" xoffset="0" yoffset="9" xadvance="12" page="0" chnl="15"/>
  </chars>
</font>