<font>
  <info face="font" size="72" bold="0" italic="0" charset="" unicode="" stretchH="100" smooth="1" aa="1" padding="4,4,4,4" spacing="0,0" outline="0"/>
  <common lineHeight="99" base="72" scaleW="541" scaleH="505" pages="1" packed="0"/>
  <pages>
    <page id="0" file="font.png"/>
  </pages>
  <chars count="69">
    <char id="32" x="4" y="4" width="0" height="0" xoffset="0" yoffset="72" xadvance="27" page="0" chnl="15"/>
    <char id="44" x="4" y="8" width="15" height="24" xoffset="4" yoffset="63" xadvance="27" page="0" chnl="15"/>
    <char id="46" x="4" y="36" width="11" height="11" xoffset="0" yoffset="63" xadvance="18" page="0" chnl="15"/>
    <char id="45" x="4" y="51" width="38" height="11" xoffset="0" yoffset="36" xadvance="45" page="0" chnl="15"/>
    <char id="33" x="4" y="66" width="11" height="65" xoffset="9" yoffset="9" xadvance="27" page="0" chnl="15"/>
    <char id="40" x="4" y="135" width="24" height="83" xoffset="0" yoffset="0" xadvance="27" page="0" chnl="15"/>
    <char id="41" x="4" y="222" width="24" height="83" xoffset="-5" yoffset="0" xadvance="27" page="0" chnl="15"/>
    <char id="48" x="19" y="66" width="47" height="65" xoffset="0" yoffset="9" xadvance="54" page="0" chnl="15"/>
    <char id="49" x="4" y="309" width="29" height="65" xoffset="0" yoffset="9" xadvance="36" page="0" chnl="15"/>
    <char id="50" x="4" y="378" width="47" height="65" xoffset="0" yoffset="9" xadvance="54" page="0" chnl="15"/>
    <char id="51" x="32" y="135" width="38" height="65" xoffset="0" yoffset="9" xadvance="45" page="0" chnl="15"/>
    <char id="52" x="32" y="204" width="47" height="74" xoffset="0" yoffset="9" xadvance="54" page="0" chnl="15"/>
    <char id="53" x="37" y="282" width="38" height="65" xoffset="0" yoffset="9" xadvance="45" page="0" chnl="15"/>
    <char id="54" x="70" y="4" width="47" height="65" xoffset="0" yoffset="9" xadvance="54" page="0" chnl="15"/>
    <char id="55" x="74" y="73" width="47" height="69" xoffset="0" yoffset="9" xadvance="54" page="0" chnl="15"/>
    <char id="56" x="121" y="4" width="47" height="65" xoffset="0" yoffset="9" xadvance="54" page="0" chnl="15"/>
    <char id="57" x="55" y="351" width="47" height="65" xoffset="0" yoffset="9" xadvance="54" page="0" chnl="15"/>
    <char id="65" x="79" y="282" width="65" height="65" xoffset="0" yoffset="9" xadvance="72" page="0" chnl="15"/>
    <char id="66" x="55" y="420" width="56" height="65" xoffset="0" yoffset="9" xadvance="63" page="0" chnl="15"/>
    <char id="67" x="106" y="351" width="56" height="65" xoffset="0" yoffset="9" xadvance="63" page="0" chnl="15"/>
    <char id="68" x="115" y="420" width="56" height="65" xoffset="0" yoffset="9" xadvance="63" page="0" chnl="15"/>
    <char id="69" x="83" y="146" width="56" height="65" xoffset="0" yoffset="9" xadvance="63" page="0" chnl="15"/>
    <char id="70" x="125" y="73" width="47" height="65" xoffset="0" yoffset="9" xadvance="54" page="0" chnl="15"/>
    <char id="71" x="172" y="4" width="56" height="65" xoffset="0" yoffset="9" xadvance="63" page="0" chnl="15"/>
    <char id="72" x="143" y="142" width="56" height="65" xoffset="0" yoffset="9" xadvance="63" page="0" chnl="15"/>
    <char id="73" x="176" y="73" width="29" height="65" xoffset="0" yoffset="9" xadvance="36" page="0" chnl="15"/>
    <char id="74" x="148" y="211" width="29" height="74" xoffset="0" yoffset="9" xadvance="36" page="0" chnl="15"/>
    <char id="75" x="166" y="289" width="65" height="65" xoffset="0" yoffset="9" xadvance="72" page="0" chnl="15"/>
    <char id="76" x="181" y="211" width="56" height="65" xoffset="0" yoffset="9" xadvance="63" page="0" chnl="15"/>
    <char id="77" x="203" y="142" width="74" height="65" xoffset="0" yoffset="9" xadvance="81" page="0" chnl="15"/>
    <char id="78" x="209" y="73" width="65" height="65" xoffset="0" yoffset="9" xadvance="72" page="0" chnl="15"/>
    <char id="79" x="232" y="4" width="56" height="65" xoffset="0" yoffset="9" xadvance="63" page="0" chnl="15"/>
    <char id="80" x="278" y="73" width="47" height="65" xoffset="0" yoffset="9" xadvance="54" page="0" chnl="15"/>
    <char id="81" x="175" y="358" width="56" height="74" xoffset="0" yoffset="9" xadvance="63" page="0" chnl="15"/>
    <char id="82" x="292" y="4" width="60" height="65" xoffset="0" yoffset="9" xadvance="63" page="0" chnl="15"/>
    <char id="83" x="175" y="436" width="47" height="65" xoffset="0" yoffset="9" xadvance="54" page="0" chnl="15"/>
    <char id="84" x="226" y="436" width="65" height="65" xoffset="0" yoffset="9" xadvance="72" page="0" chnl="15"/>
    <char id="85" x="235" y="280" width="60" height="65" xoffset="0" yoffset="9" xadvance="63" page="0" chnl="15"/>
    <char id="86" x="241" y="211" width="56" height="65" xoffset="0" yoffset="9" xadvance="63" page="0" chnl="15"/>
    <char id="87" x="281" y="142" width="92" height="65" xoffset="0" yoffset="9" xadvance="99" page="0" chnl="15"/>
    <char id="88" x="329" y="73" width="47" height="65" xoffset="0" yoffset="9" xadvance="54" page="0" chnl="15"/>
    <char id="89" x="356" y="4" width="65" height="65" xoffset="0" yoffset="9" xadvance="72" page="0" chnl="15"/>
    <char id="90" x="235" y="349" width="47" height="65" xoffset="0" yoffset="9" xadvance="54" page="0" chnl="15"/>
    <char id="97" x="4" y="447" width="42" height="47" xoffset="0" yoffset="27" xadvance="45" page="0" chnl="15"/>
    <char id="98" x="286" y="349" width="47" height="74" xoffset="-9" yoffset="0" xadvance="45" page="0" chnl="15"/>
    <char id="99" x="83" y="215" width="38" height="47" xoffset="0" yoffset="27" xadvance="45" page="0" chnl="15"/>
    <char id="100" x="295" y="427" width="42" height="74" xoffset="0" yoffset="0" xadvance="45" page="0" chnl="15"/>
    <char id="101" x="299" y="280" width="38" height="47" xoffset="0" yoffset="27" xadvance="45" page="0" chnl="15"/>
    <char id="102" x="337" y="331" width="29" height="83" xoffset="0" yoffset="0" xadvance="36" page="0" chnl="15"/>
    <char id="103" x="301" y="211" width="47" height="65" xoffset="0" yoffset="27" xadvance="54" page="0" chnl="15"/>
    <char id="104" x="341" y="418" width="47" height="74" xoffset="-9" yoffset="0" xadvance="45" page="0" chnl="15"/>
    <char id="105" x="352" y="211" width="29" height="65" xoffset="0" yoffset="9" xadvance="36" page="0" chnl="15"/>
    <char id="106" x="380" y="73" width="20" height="83" xoffset="0" yoffset="9" xadvance="27" page="0" chnl="15"/>
    <char id="107" x="370" y="280" width="56" height="74" xoffset="0" yoffset="0" xadvance="63" page="0" chnl="15"/>
    <char id="108" x="385" y="160" width="29" height="74" xoffset="0" yoffset="0" xadvance="36" page="0" chnl="15"/>
    <char id="109" x="370" y="358" width="74" height="47" xoffset="0" yoffset="27" xadvance="81" page="0" chnl="15"/>
    <char id="110" x="404" y="73" width="47" height="47" xoffset="0" yoffset="27" xadvance="54" page="0" chnl="15"/>
    <char id="111" x="425" y="4" width="38" height="47" xoffset="0" yoffset="27" xadvance="45" page="0" chnl="15"/>
    <char id="112" x="392" y="409" width="47" height="65" xoffset="0" yoffset="27" xadvance="54" page="0" chnl="15"/>
    <char id="113" x="443" y="409" width="42" height="65" xoffset="0" yoffset="27" xadvance="45" page="0" chnl="15"/>
    <char id="114" x="418" y="124" width="38" height="47" xoffset="0" yoffset="27" xadvance="45" page="0" chnl="15"/>
    <char id="115" x="455" y="55" width="38" height="47" xoffset="0" yoffset="27" xadvance="45" page="0" chnl="15"/>
    <char id="116" x="418" y="175" width="38" height="56" xoffset="0" yoffset="18" xadvance="45" page="0" chnl="15"/>
    <char id="117" x="467" y="4" width="56" height="47" xoffset="0" yoffset="27" xadvance="63" page="0" chnl="15"/>
    <char id="118" x="430" y="235" width="47" height="47" xoffset="0" yoffset="27" xadvance="54" page="0" chnl="15"/>
    <char id="119" x="430" y="286" width="65" height="47" xoffset="0" yoffset="27" xadvance="72" page="0" chnl="15"/>
    <char id="120" x="448" y="337" width="38" height="47" xoffset="0" yoffset="27" xadvance="45" page="0" chnl="15"/>
    <char id="121" x="489" y="388" width="47" height="65" xoffset="0" yoffset="27" xadvance="54" page="0" chnl="15"/>
    <char id="122" x="490" y="337" width="47" height="47" xoffset="0" yoffset="27" xadvance="54" page="0" chnl="15"/>
    <char id="32" x="0" y="0" width="0" height="0" xoffset="0" yoffset="27" xadvance="27" page="0" chnl="15"/>
  </chars>
</font>